{
  "precision_mode": "bf16_accum",
  "num_images": 5000,
  "num_predictions": 500000,
  "metrics": {
    "AP": 0.2403807167856915,
    "AP50": 0.4127998014907043,
    "AP75": 0.23764668939296382,
    "AP_small": 0.05943399723691301,
    "AP_medium": 0.23989733724554466,
    "AP_large": 0.42323381323125253,
    "AR_1": 0.2330369728500493,
    "AR_10": 0.37465290585985583,
    "AR_100": 0.40849846156907627,
    "AR_small": 0.12996233487605502,
    "AR_medium": 0.4332213071410673,
    "AR_large": 0.6822182001053294
  }
}