{
  "precision_mode": "bf16_accum",
  "num_images": 5000,
  "num_predictions": 500000,
  "metrics": {
    "AP": 0.25302042576179484,
    "AP50": 0.42866287733216085,
    "AP75": 0.25193610046138126,
    "AP_small": 0.06469121666810564,
    "AP_medium": 0.2539036294691496,
    "AP_large": 0.4350566530733052,
    "AR_1": 0.24376010773768098,
    "AR_10": 0.3877391486870607,
    "AR_100": 0.42228395668661894,
    "AR_small": 0.13639147759931045,
    "AR_medium": 0.4487773979826965,
    "AR_large": 0.6932564706131924
  }
}