{
  "precision_mode": "bf16_accum",
  "num_images": 5000,
  "num_predictions": 500000,
  "metrics": {
    "AP": 0.24600873822505906,
    "AP50": 0.419882795449561,
    "AP75": 0.24338272122548696,
    "AP_small": 0.0662339939094296,
    "AP_medium": 0.24474346470130864,
    "AP_large": 0.42399786802106965,
    "AR_1": 0.23834923073400568,
    "AR_10": 0.37917170639709386,
    "AR_100": 0.41365870776391217,
    "AR_small": 0.1334951964298772,
    "AR_medium": 0.4382977283742086,
    "AR_large": 0.6881448397959166
  }
}