{
  "precision_mode": "bf16_accum",
  "num_images": 5000,
  "num_predictions": 500000,
  "metrics": {
    "AP": 0.2564475986511973,
    "AP50": 0.4333077385250214,
    "AP75": 0.25612408917009816,
    "AP_small": 0.07573445496584488,
    "AP_medium": 0.2597415607359056,
    "AP_large": 0.43350414073274435,
    "AR_1": 0.2434932628391416,
    "AR_10": 0.3908238478058034,
    "AR_100": 0.42521972445404954,
    "AR_small": 0.1474802328830118,
    "AR_medium": 0.4520054829718417,
    "AR_large": 0.6924504334691218
  }
}