{
  "precision_mode": "bf16_accum",
  "num_images": 5000,
  "num_predictions": 500000,
  "metrics": {
    "AP": 0.2491486683239827,
    "AP50": 0.4250898363200632,
    "AP75": 0.2472345745069692,
    "AP_small": 0.0708867354942604,
    "AP_medium": 0.24848215405500215,
    "AP_large": 0.42943418258324095,
    "AR_1": 0.24011109361495642,
    "AR_10": 0.38357085752725134,
    "AR_100": 0.41798635199200723,
    "AR_small": 0.14178153777147437,
    "AR_medium": 0.44202707145440934,
    "AR_large": 0.6903800785864125
  }
}