{
  "precision_mode": "bf16_accum",
  "num_images": 5000,
  "num_predictions": 500000,
  "metrics": {
    "AP": 0.25545813806396106,
    "AP50": 0.4334404265223738,
    "AP75": 0.25354372070633147,
    "AP_small": 0.06894832857716941,
    "AP_medium": 0.25712005676960914,
    "AP_large": 0.44028597931210883,
    "AR_1": 0.24395043860877763,
    "AR_10": 0.3877747518800516,
    "AR_100": 0.4225597391414721,
    "AR_small": 0.13872344001957723,
    "AR_medium": 0.449362664632488,
    "AR_large": 0.6959151950576294
  }
}