{
  "precision_mode": "bf16_accum",
  "num_images": 5000,
  "num_predictions": 500000,
  "metrics": {
    "AP": 0.24695290224485672,
    "AP50": 0.42313438088730376,
    "AP75": 0.24182849145907045,
    "AP_small": 0.061528528524951005,
    "AP_medium": 0.24586898946550015,
    "AP_large": 0.42725107643490157,
    "AR_1": 0.2382104636778468,
    "AR_10": 0.380596368771634,
    "AR_100": 0.41442207005751996,
    "AR_small": 0.12966585389884458,
    "AR_medium": 0.4405859644363893,
    "AR_large": 0.6887617754477954
  }
}