{
  "precision_mode": "bf16_accum",
  "num_images": 5000,
  "num_predictions": 500000,
  "metrics": {
    "AP": 0.2647329169654128,
    "AP50": 0.4418814543781243,
    "AP75": 0.2649372639351812,
    "AP_small": 0.07704064905746798,
    "AP_medium": 0.26693446936987625,
    "AP_large": 0.4399172444503577,
    "AR_1": 0.24922989551604224,
    "AR_10": 0.39598217578422124,
    "AR_100": 0.43094316028377605,
    "AR_small": 0.14689798991547828,
    "AR_medium": 0.4593696937216974,
    "AR_large": 0.6985292355703676
  }
}