{
  "precision_mode": "bf16_accum",
  "num_images": 5,
  "num_predictions": 500,
  "metrics": {
    "AP": 0.3261711329099943,
    "AP50": 0.4853469962380853,
    "AP75": 0.3180224272427242,
    "AP_small": 0.08994160954556994,
    "AP_medium": 0.265992456388496,
    "AP_large": 0.8209489718202588,
    "AR_1": 0.2729166666666667,
    "AR_10": 0.3510416666666667,
    "AR_100": 0.39187500000000003,
    "AR_small": 0.132,
    "AR_medium": 0.35714285714285715,
    "AR_large": 0.8933333333333333
  }
}