{
  "precision_mode": "bf16_default",
  "num_images": 50,
  "num_predictions": 5000,
  "metrics": {
    "AP": 0.3713088784749751,
    "AP50": 0.5533676855109795,
    "AP75": 0.3788075764978999,
    "AP_small": 0.17053400227773333,
    "AP_medium": 0.441497349466921,
    "AP_large": 0.5677969448155127,
    "AR_1": 0.30498561186733036,
    "AR_10": 0.47795901471762564,
    "AR_100": 0.49694832053307275,
    "AR_small": 0.2171310832025118,
    "AR_medium": 0.5154200268817204,
    "AR_large": 0.7753298611111111
  }
}