{
  "precision_mode": "bf16_default",
  "num_images": 5000,
  "num_predictions": 500000,
  "metrics": {
    "AP": 0.2651721794104075,
    "AP50": 0.4441028267503466,
    "AP75": 0.26428733017540057,
    "AP_small": 0.07630362401820694,
    "AP_medium": 0.267221824439277,
    "AP_large": 0.44156744274449544,
    "AR_1": 0.2490130345522337,
    "AR_10": 0.395913009756873,
    "AR_100": 0.43042784697154496,
    "AR_small": 0.14612361078569258,
    "AR_medium": 0.4586903230204831,
    "AR_large": 0.6984520362982972
  }
}