{
  "precision_mode": "bf16_accum",
  "num_images": 10,
  "num_predictions": 1000,
  "metrics": {
    "AP": 0.3592861638510516,
    "AP50": 0.5150755141499077,
    "AP75": 0.3743469017572701,
    "AP_small": 0.021403316864830758,
    "AP_medium": 0.4498965773200696,
    "AP_large": 0.8036275667401904,
    "AR_1": 0.28689855072463766,
    "AR_10": 0.39556521739130435,
    "AR_100": 0.4046956521739131,
    "AR_small": 0.044722222222222226,
    "AR_medium": 0.5181818181818182,
    "AR_large": 0.82
  }
}