{
  "precision_mode": "bf16_default",
  "num_images": 5000,
  "num_predictions": 500000,
  "metrics": {
    "AP": 0.2650170622268799,
    "AP50": 0.44316735771444,
    "AP75": 0.2657877123009996,
    "AP_small": 0.0775382450376735,
    "AP_medium": 0.2676423624297061,
    "AP_large": 0.4410695302785785,
    "AR_1": 0.24866413267786838,
    "AR_10": 0.39598099194164843,
    "AR_100": 0.43082279212116764,
    "AR_small": 0.14704672998933113,
    "AR_medium": 0.4596952378752691,
    "AR_large": 0.6975835698414184
  }
}