{
  "precision_mode": "fp32",
  "num_images": 5000,
  "num_predictions": 500000,
  "metrics": {
    "AP": 0.27070640432370724,
    "AP50": 0.4570397460593152,
    "AP75": 0.2675932780788647,
    "AP_small": 0.08447940679656625,
    "AP_medium": 0.2727473856785214,
    "AP_large": 0.44541466313116934,
    "AR_1": 0.2550260657952156,
    "AR_10": 0.4040162954588484,
    "AR_100": 0.43861441714251287,
    "AR_small": 0.16075163639207188,
    "AR_medium": 0.463888970185981,
    "AR_large": 0.6954307777410225
  }
}