{
  "precision_mode": "fp32",
  "num_images": 5000,
  "num_predictions": 500000,
  "metrics": {
    "AP": 0.26918234408898956,
    "AP50": 0.4459704506574765,
    "AP75": 0.2710141775461552,
    "AP_small": 0.08118957347887093,
    "AP_medium": 0.27136541380118945,
    "AP_large": 0.445010247953019,
    "AR_1": 0.25130779638675366,
    "AR_10": 0.3999705436500925,
    "AR_100": 0.43487247184655575,
    "AR_small": 0.15193536531470664,
    "AR_medium": 0.46313531894714804,
    "AR_large": 0.7007508042556602
  }
}