{
  "precision_mode": "bf16_default",
  "num_images": 5000,
  "num_predictions": 500000,
  "metrics": {
    "AP": 0.26517217187069403,
    "AP50": 0.444102848621961,
    "AP75": 0.26428730649607246,
    "AP_small": 0.07630349017320039,
    "AP_medium": 0.2672218403636188,
    "AP_large": 0.4415673947065848,
    "AR_1": 0.2490130345522337,
    "AR_10": 0.395913009756873,
    "AR_100": 0.43042784697154496,
    "AR_small": 0.14612361078569258,
    "AR_medium": 0.4586903230204831,
    "AR_large": 0.6984520362982972
  }
}