{
  "precision_mode": "fp32",
  "num_images": 5000,
  "num_predictions": 500000,
  "metrics": {
    "AP": 0.2691799445177674,
    "AP50": 0.4460314486150646,
    "AP75": 0.27096469185846617,
    "AP_small": 0.08118544343859012,
    "AP_medium": 0.27137511094390226,
    "AP_large": 0.44493178119220117,
    "AR_1": 0.25126898947875487,
    "AR_10": 0.40000617384612736,
    "AR_100": 0.43488261090303504,
    "AR_small": 0.15198760121257412,
    "AR_medium": 0.4631372373468045,
    "AR_large": 0.700920119263057
  }
}